lag,r_squared,coefficient,p_value,f_statistic,f_pvalue,ETF
1,0.9985682492866078,3.6106884875848895,0.04248453700671511,6625.7332924579705,9.56622029356673e-28,AIQ
2,0.9985323889496032,2.871039500003304,0.12603881856876253,6123.414986631715,3.1586300160577227e-26,AIQ
3,0.9985619631764352,2.9743496626829256,0.11649148901886255,5902.336120961583,6.93497756267951e-25,AIQ
4,0.999397919497624,2.2443572969025425,0.07480786020500317,13279.259707679144,1.7267779996654238e-26,AIQ
5,0.9994727738638388,0.18805765716091472,0.8809090143613036,14217.89492182358,2.600021776220474e-25,AIQ
6,0.9994015958030137,1.742606803997654,0.2538602562890158,11690.778918084596,2.74765635926064e-23,AIQ
7,0.9993789183083068,1.3445626588865003,0.39627270925157543,10459.111991041706,1.4304303863561403e-21,AIQ
8,0.9994979207265932,1.9913774284573944,0.19867771899584102,11944.3041009584,1.6018939474486437e-20,AIQ
9,0.9996502797705981,1.0592137749285362,0.42154803705785293,15721.356891879052,9.782821971516747e-20,AIQ
10,0.9997815126425931,1.0264227139462196,0.3544810574502838,22879.619317752375,4.978878860039272e-19,AIQ
11,0.999771739076464,0.4203824010102206,0.7269255414686853,19709.781052973445,4.1014938561566556e-17,AIQ
1,0.998722283096065,-0.8959524226870508,0.6060684071318052,6253.1678497499925,7.103577511440043e-24,ARKF
2,0.9987544170196742,-1.5781320093762687,0.43216517022798995,6013.776878749385,1.641704506878077e-22,ARKF
3,0.9987474291250555,-1.5913284782303094,0.45860856967807384,5581.506119711656,4.8374463802368694e-21,ARKF
4,0.998747043932167,-1.4027619100955278,0.4993854341864219,5181.231770389591,1.3695660565767553e-19,ARKF
5,0.9996120918102329,0.5896683117814057,0.6435924147272907,15461.577530661103,3.407012232105313e-21,ARKF
6,0.9996818299990259,0.9449204632090673,0.5053459380948027,17280.856297452654,5.81601825594468e-20,ARKF
7,0.9997588779809928,0.43693917537784177,0.7340563212469288,20731.389072174818,8.150501984522369e-19,ARKF
8,0.9997553834697085,0.49880864984792506,0.715325173199626,18391.640255266197,5.599975252503213e-17,ARKF
9,0.9997152347330786,0.9699690200499855,0.5434682832283569,14042.656894791346,6.575792001554282e-15,ARKF
10,0.9997227469503329,1.0726426705227112,0.5208847859252255,12620.346714051288,3.5486826375225814e-13,ARKF
1,0.9858945438732898,2.4873649550583625,0.40270177844049193,1083.365563847246,2.067762162726227e-29,ARKG
2,0.994562358392339,0.18996569610085778,0.9196860271061589,2743.54884935168,1.0743819435676666e-34,ARKG
3,0.9946422775152235,0.5031140334916282,0.7951284115836064,2691.873844707396,1.1754742278542078e-33,ARKG
4,0.9948358583137449,0.854562380504694,0.659914528252909,2697.0023021371444,9.593433959075541e-33,ARKG
5,0.9946192251245036,0.610263449018257,0.7671247206601572,2495.432321528253,2.324904395727658e-31,ARKG
6,0.9946107988476213,0.7991084013165164,0.7161989647651603,2399.2313553395343,3.234574226320649e-30,ARKG
7,0.9948659333635911,0.16975792637184073,0.9378427392278745,2422.2171326828056,2.4030829656500132e-29,ARKG
8,0.9950011422501452,-0.366912816933159,0.8721684936015092,2388.5484053529467,2.434721781081937e-28,ARKG
9,0.9947265084629932,0.12039280153913534,0.9602993358933953,2169.218394880979,6.369860390352459e-27,ARKG
10,0.9972752021120405,-1.3118257008886465,0.46479306494462,4025.99666995757,6.147198452896191e-29,ARKG
11,0.998094050875026,0.010007624629487566,0.9948569719085194,5498.5662507285315,2.761650345520545e-29,ARKG
12,0.9984908042906671,0.5364076907433777,0.7123036070769427,6616.045872089179,6.129931454854676e-29,ARKG
13,0.9985531464908574,1.2078348014554692,0.44915858985035806,6556.472256327268,1.0568986386382198e-27,ARKG
14,0.9984852177859002,0.6151339798107891,0.7050772521423863,6262.0286141944935,1.6342815328368887e-27,ARKG
15,0.9985100864452039,0.917819122494862,0.5584886369795069,6366.708854144079,1.3964653909913013e-27,ARKG
16,0.9988280198772551,1.3607655023897252,0.3578799022856808,7670.311129374168,4.171403617359975e-27,ARKG
17,0.9988580690929858,1.0930209480757505,0.48772070766087927,7435.032658403183,9.770989219505808e-26,ARKG
18,0.9993866880084419,0.6276428701221413,0.5808428498057864,13035.932142392454,2.0019427293916484e-26,ARKG
19,0.9994660685464785,0.09490968569125613,0.9334939872472497,14039.246919540734,2.8585203736443294e-25,ARKG
1,0.9655831182857361,-0.6467284586363258,0.8929560385316695,434.8603821137608,2.0890967239171082e-23,ARKK
2,0.9767993517459229,-5.9839650586450395,0.15664722126272798,631.5336587034376,3.037398656937063e-25,ARKK
3,0.9768465704332827,-6.153049403855284,0.15659949265731204,611.7571148787197,1.9360754379453468e-24,ARKK
4,0.9767539677878977,-5.743831367129163,0.1828818013947418,588.2533167062955,1.3454999742853825e-23,ARKK
5,0.9767924000134398,-6.201368266917507,0.17945145807779506,568.2059932012805,8.6299465921742e-23,ARKK
6,0.9768956965703212,-6.882208365562007,0.1639481752341099,549.6657405866957,5.345735097433532e-22,ARKK
7,0.9786011411360839,-8.627133701484993,0.07502806920968977,571.643298457757,1.3485985224805434e-21,ARKK
8,0.9781964906915924,-8.916930153937365,0.08393756511719597,538.3701184181728,1.1542949487134089e-20,ARKK
9,0.977000324557632,-7.451888482880772,0.17053809475756831,488.50705570025934,1.444773066485881e-19,ARKK
10,0.9792819852340893,-9.21425154012704,0.0850899013302712,519.9389014481883,3.0187664928614773e-19,ARKK
11,0.9910581730832829,-2.977412518813013,0.39880272030323427,1163.7566813018768,3.0901226767834536e-22,ARKK
12,0.9957134300419775,-0.6220770217926228,0.8072838602109642,2322.86756029366,2.094590643816692e-24,ARKK
13,0.9989455989420643,2.41483185484962,0.11605211762059271,9000.354389370794,5.230647020047818e-29,ARKK
14,0.9989847020089127,2.8367270303277614,0.06852956858078389,9347.358856606104,3.6529060722694553e-29,ARKK
15,0.9989329108472668,2.119582952407119,0.1473052590719576,8893.223803036584,5.860122564718345e-29,ARKK
16,0.9990619946941034,2.8513237730554835,0.05862851034488084,9585.8284550454,5.621440976328158e-28,ARKK
17,0.9990634653376,3.038579809960327,0.06559975433158903,9067.512176866572,1.8111431370438297e-26,ARKK
18,0.9995439854135356,1.4816901758430214,0.15919532036647194,17535.29847653915,1.869949494159672e-27,ARKK
19,0.99957807660185,1.3040544685662692,0.2300929454938896,17768.238517670346,4.8893606940080526e-26,ARKK
1,0.9996290833529519,0.3924665485246468,0.776606171063486,13475.11754066885,7.020719570823598e-18,ARKX
2,0.999762957122763,1.6843104233934767,0.2109081093394484,18979.407267965544,4.8609493400063103e-17,ARKX
3,0.9997316031479003,1.36694805940812,0.38075786486921337,14899.304449021665,5.1893106706604625e-15,ARKX
4,0.9997349022698749,1.0348832783340747,0.5193688426283027,13199.178115534974,3.0333395802633204e-13,ARKX
1,0.9984004235736889,0.5049753998561002,0.7531924641230825,5929.572271718949,2.741873748802149e-27,ARTY
2,0.9983954435208561,0.4581630720541856,0.7917623424187383,5600.0266170013765,7.050096747028485e-26,ARTY
3,0.999249934536591,1.7915572586272237,0.1624427252293946,11323.84419482157,2.7437398812570337e-27,ARTY
4,0.9994198384977527,1.3445107746414298,0.2342268173457312,13781.263798117056,1.2834863542150667e-26,ARTY
5,0.999429409096342,1.0335528407588406,0.39533091096574635,13136.768427552008,4.7036644124299355e-25,ARTY
6,0.9994705667925133,1.8275878948051112,0.16539496593565903,13214.686703844696,1.1659454866822965e-23,ARTY
7,0.9994848412937472,1.6623208597719992,0.21813806198589022,12610.970929065219,4.24245051295708e-22,ARTY
8,0.9994817846240902,1.6737806216432523,0.2538566652116979,11572.19755823892,1.9366973952826092e-20,ARTY
9,0.9996686420666159,1.072642284656208,0.37911158634778286,16592.865229496365,7.27169326567939e-20,ARTY
10,0.9997456137350478,0.7822252405037347,0.4854468355691106,19650.149231190142,1.0652910884185378e-18,ARTY
11,0.9997443223053897,0.810819428153156,0.5134678624328697,17595.783852909357,6.833100176153303e-17,ARTY
12,0.9997829176965971,0.3054381498399472,0.8105472334189275,18422.191068075255,2.2207398430547517e-15,ARTY
1,0.9984515827994397,2.1596849276861123,0.1988972554079025,6125.7973840400355,2.013426946896098e-27,BLOK
2,0.9984720263644432,2.4363407260395924,0.1641157426064913,6207.884763015571,1.774600817535886e-27,BLOK
3,0.99839804811442,1.8778047526461243,0.3042343891883024,5609.146263326512,6.947766458389223e-26,BLOK
4,0.9984384196827275,1.6267094776892037,0.36392786262529275,5434.703853162389,1.3973228917808172e-24,BLOK
5,0.9995153288761066,1.1071446106269,0.3134346606520623,16498.038023753845,3.0449289696819543e-27,BLOK
6,0.999533746976225,-0.9204400246955213,0.4242636274849855,16078.186564080628,1.0343379518087856e-25,BLOK
7,0.9995863368246143,-1.2284021952097257,0.2907631062934074,16914.980046866716,2.072659826372888e-24,BLOK
8,0.9995010279445249,-1.0223864870118957,0.46221326311006505,13020.281617682926,3.447429994983327e-22,BLOK
9,0.9995173308280575,-1.1046253698294706,0.4287353299763219,12424.874704205338,1.2644375017147435e-20,BLOK
10,0.9995800428738334,-0.8600538162203337,0.5282757372134701,13091.07500089171,2.676869830978724e-19,BLOK
11,0.9996913925277284,0.3248309516639232,0.7958314130840148,16196.811197881243,2.799188768078417e-18,BLOK
12,0.9996774229553752,0.06309247253622097,0.9652002724965224,13945.655706937237,1.9446908200312994e-16,BLOK
1,0.8880865136428828,-26.365027131909677,0.06051977587897612,95.2256828967678,3.8600159783911574e-12,BOTZ
2,0.8876401060837424,-26.990594977611774,0.06304250380992085,90.84968723422797,1.2078977872410715e-11,BOTZ
3,0.9648230840707587,-10.163283730955618,0.1348255804395126,301.705071192898,1.0205525427590207e-16,BOTZ
4,0.9776124672804041,-4.781634285721914,0.3759361886403012,458.5110398279522,4.7322257307220994e-18,BOTZ
5,0.9947402240709586,1.1468898541432129,0.6893402031453485,1891.2216746318036,1.6205873042758082e-23,BOTZ
6,0.9985558616092916,3.9293701071034617,0.03263236781349298,6568.816912785349,1.0382064598355987e-27,BOTZ
7,0.9985556946935666,3.978198933128475,0.019586061768967787,6568.056668720886,1.0393469961450847e-27,BOTZ
8,0.9985737016481131,3.7185447896763417,0.02622124988041096,6651.098035068729,9.225684818966007e-28,BOTZ
9,0.9985592536692544,4.189870716317667,0.019461048699769137,6237.762395252605,2.6747777374353794e-26,BOTZ
10,0.9985471599123509,3.8513824937813013,0.03653864681495309,5842.109487073042,7.5657402111707275e-25,BOTZ
11,0.9992524767318933,2.6818516232131557,0.05017628457973439,10694.008006067672,9.749845274382811e-26,BOTZ
12,0.9994021576634188,2.0347250223912656,0.11339465206006939,12537.613554335278,6.674212034270121e-25,BOTZ
13,0.99933249361983,3.4609882702075296,0.03481113114827487,10479.791149797256,5.904565545066073e-23,BOTZ
14,0.9992646541931247,2.651091008569079,0.12855934770758295,8832.87861510458,4.2874150884242675e-21,BOTZ
15,0.9993230292340721,3.0402973456000097,0.08841839819087255,8857.01196740197,9.625415549655968e-20,BOTZ
1,0.9975521161864843,-2.3751156445637154,0.44484073911436606,2648.854786085421,1.0644866122651513e-17,BUG
2,0.9966219691069681,-5.781404952416592,0.18996696067623517,1770.1826904474462,1.485873037059825e-15,BUG
3,0.9975470524442033,-3.806445182579775,0.36725881707946595,2236.7004037561424,4.398306059726322e-15,BUG
4,0.9995776152376286,0.9276826805593092,0.5828555485933463,11832.548239023698,1.3444393421006581e-17,BUG
5,0.99964460110151,-0.3074640095137946,0.8546690732444273,12657.328776396493,3.007615736335336e-16,BUG
6,0.9997625512469853,2.0921175668284917,0.25374996224552815,16841.740182734524,3.178919810006169e-15,BUG
7,0.999845126360314,-0.5496172328155051,0.6899564886707985,22595.568550958164,4.62297204093653e-14,BUG
1,0.9705557293419882,6.656074468742265,0.13585546120773018,560.3618982603076,9.397527829499317e-27,CGW
2,0.9732780004109806,10.003156626087645,0.021515485583149124,600.968761835478,1.1049375279977567e-26,CGW
3,0.9708698384989853,6.983219863969493,0.12387916198092755,533.258884110295,2.688352904155047e-25,CGW
4,0.9708324252830777,7.919436445621093,0.08336950823247298,515.9120268973633,1.6067745537100786e-24,CGW
5,0.9942775359650302,5.667249500150743,0.01011749681104611,2606.248453172543,2.3107133739504786e-34,CGW
6,0.9944908817047662,7.092281942160096,0.0049305689009306345,2617.500117431609,1.760720496142338e-33,CGW
7,0.9945302648708062,6.684821956199131,0.0036439837196327366,2545.5389300073016,2.1454981633644252e-32,CGW
8,0.9944899230427237,6.712271496612166,0.005157828810550623,2436.556524559514,3.2035276084538966e-31,CGW
9,0.9953943458350089,8.217902408917965,0.0005674052377536874,2809.617490218118,4.195533684139627e-31,CGW
10,0.9953437012273397,8.538740317914153,0.0007379391204401476,2672.035638776979,7.087784253026336e-30,CGW
11,0.9946840301961073,7.689379481437369,0.004849374387907631,2245.349165379545,5.093192189983141e-28,CGW
12,0.994580288116038,7.0908671102579675,0.009687277645669776,2110.3840126964656,8.724213734795961e-27,CGW
13,0.9972554672309073,6.978229434153437,0.0016035981077506308,3996.96817727063,6.65506996789298e-29,CGW
14,0.9975024383949754,6.182517361265107,0.004751744229391318,4193.600503017102,4.719763076146117e-28,CGW
15,0.997730054796915,5.324506984425449,0.010527260070163231,4395.39268807434,3.632066016547011e-27,CGW
16,0.9985348169693213,3.8963967845320404,0.021693585886634982,6474.331576727978,1.19116757097503e-27,CGW
17,0.9985330954562471,2.941632051635045,0.08175625366792172,6466.722355747676,1.2045299727840971e-27,CGW
18,0.9985603679252528,3.8006689956556077,0.020226967307388054,6589.408267355798,1.0078348780753476e-27,CGW
19,0.9985027088533964,3.8338432132337346,0.03151217554909995,6001.855016685117,3.782302934818826e-26,CGW
20,0.9984723129421442,3.5973424715177824,0.050631065259428225,5555.466753721232,1.1595577825152777e-24,CGW
1,0.9699127813661002,5.59849998600446,0.2363900325040941,548.0239793466918,1.3567340124147014e-26,DSI
2,0.9700608216517427,7.073417329840245,0.1486800671487097,534.6173288748726,7.210377066920994e-26,DSI
3,0.9699757092808874,6.265206559328679,0.19773136408157174,516.9018476967665,4.360779282738203e-25,DSI
4,0.9707531893612703,8.42510363787018,0.08449581256388206,514.4723170318731,1.675779815809192e-24,DSI
5,0.9935930288016489,4.317115617391517,0.08163539726094432,2326.1998486680227,1.2583213787545753e-33,DSI
6,0.9941204159771356,7.1183326285755335,0.007572523388923549,2451.660861654987,4.5240324949596135e-33,DSI
7,0.9943994852218719,7.38290050691246,0.004133552455008347,2485.7702094591,2.986697687211099e-32,DSI
8,0.9941728057087764,6.899697648765491,0.012307477057592374,2303.223851190715,6.8187258803906875e-31,DSI
9,0.9943161201805465,7.118583697080626,0.007869559675716963,2274.170104390073,6.462246583362246e-30,DSI
10,0.9941935543444621,7.070667201783959,0.013761102349541456,2140.279986510031,1.1191275088094623e-28,DSI
11,0.9942966646336813,7.555924478720257,0.013993033690252307,2092.0319794039283,1.1845323215795517e-27,DSI
12,0.9941943138652891,6.92085131086591,0.02118182363377889,1969.3166912854617,1.9244909114515266e-26,DSI
13,0.9969769076712787,6.190149890876906,0.009841565796300574,3627.658302127502,1.9273719028839037e-28,DSI
14,0.9974570862141162,5.251326107276087,0.018445504882283945,4118.621505529428,5.70140878527375e-28,DSI
15,0.997969938328469,4.475711307679166,0.024976724069191627,4915.958723440481,1.1887548889913767e-27,DSI
16,0.9986444464426764,4.945699151653404,0.010880245543815222,6998.707052148309,5.689950259262831e-28,DSI
17,0.9984484985843741,1.677125698656047,0.3914186327463869,6113.60108409912,2.051850307616462e-27,DSI
18,0.9983582077109421,2.903226120803346,0.09540940880532628,5776.859250993584,3.511745302889438e-27,DSI
19,0.9984000026986808,3.4202446768291495,0.06836033126397109,5616.009487565643,6.871843357592296e-26,DSI
20,0.9984580611875384,3.8570871478130986,0.04750613524708132,5504.040401282412,1.2547889700916404e-24,DSI
1,0.9978646575013242,-5.052762314984502,0.15435082725941798,2570.1992161261387,2.051499853683993e-15,DTCR
2,0.9997087072521819,0.7464897598441027,0.5868189979047195,17159.862625148737,2.097241107674388e-18,DTCR
3,0.9997493149568809,-0.5201706907894859,0.70125992804199,17946.31167990451,6.2528484576967e-17,DTCR
4,0.9997450919305786,0.7016326816075722,0.6169762083395032,15687.931640605906,4.222156579866947e-15,DTCR
5,0.9997222457873635,0.23721209094412998,0.8933681503385146,12597.569005494139,3.5711845232686963e-13,DTCR
1,0.9709603385208059,7.543487070414492,0.0782774830902438,568.4062731474983,7.427733955095182e-27,FPX
2,0.971432436644601,8.558291374676822,0.059103839958361964,561.0781362494687,3.325889276782412e-26,FPX
3,0.9712058381665065,7.465946685344347,0.11234082395165594,539.6681973423067,2.2329091811009186e-25,FPX
4,0.9719695526297463,8.9755910799922,0.05016090021292796,537.4701254946362,8.674919491111286e-25,FPX
5,0.9939002480625704,5.635583921595282,0.013373931133765305,2444.1163958580178,6.021193782632258e-34,FPX
6,0.9952143867775217,8.387805422539543,0.0003387018794770627,3015.414731072049,2.2860995418705195e-34,FPX
7,0.9950604914885697,7.6642245219612235,0.0008984562738058014,2820.29008525914,5.1472152896140974e-33,FPX
8,0.995072214949795,7.628822639626286,0.001719207760396905,2726.067546567103,7.092489498365508e-32,FPX
9,0.9952653267976505,7.959964650858209,0.001089270255510223,2732.7016449517246,6.008555945954043e-31,FPX
10,0.9951264701203854,7.009448961144274,0.0056532942304046326,2552.376036214701,1.2532722204082402e-29,FPX
11,0.9951179777653867,6.8465208759956635,0.006661147574298807,2445.9978179781083,1.8331459191966999e-28,FPX
12,0.9951296958625683,7.126264488499696,0.006026457770365306,2349.748841035291,2.552083911729022e-27,FPX
13,0.9975030970716431,6.8682118367513425,0.0015768642025401117,4394.457607131939,2.3518967155179288e-29,FPX
14,0.9976838367819207,6.30841373721565,0.0034106415155058427,4522.85927193731,2.138337170254375e-28,FPX
15,0.9980822613151504,4.81245298081644,0.011666497763850028,5204.474776465501,6.72812869119406e-28,FPX
16,0.9985135226924349,4.024411819239763,0.026415658471419988,6381.448554445908,1.3661666992106204e-27,FPX
17,0.9985124828033191,3.124986535167623,0.09306149777610079,6376.980789060405,1.3752731178726321e-27,FPX
18,0.9984972640906847,3.7336866028803097,0.026674709473529578,6312.302747316037,1.5149046963760677e-27,FPX
19,0.9985351213562855,4.134247935534006,0.02181655834122515,6134.853648639797,3.106095666663822e-26,FPX
20,0.9985312089531266,4.157973488655719,0.02747600534439883,5778.572312358015,8.301568217179875e-25,FPX
1,0.9697238112043809,5.998221736887663,0.1598620039927815,544.4973573708141,1.5091085531139422e-26,GII
2,0.9741625166109067,8.635808090261149,0.033015634784549844,622.1070869024753,6.340572489651543e-27,GII
3,0.9729003711223624,5.876637161319649,0.16092280903130982,574.4139895141918,8.460840224195034e-26,GII
4,0.9722358976402051,6.76069571179368,0.11770610772400111,542.7748471078072,7.481632497712221e-25,GII
5,0.9946184766819225,4.706681012985351,0.01970082533330413,2772.314875996581,9.195564524140386e-35,GII
6,0.9947788139915217,5.410497710223765,0.01302494642139271,2762.646797002557,8.084495065403501e-34,GII
7,0.9953477634111946,4.213698256313283,0.031170338170261574,2995.3052519487187,2.224667428884439e-33,GII
8,0.9958312660793546,4.945196125711128,0.011653037278015482,3224.893300455604,7.414064804919155e-33,GII
9,0.9965733700700712,5.7383259078939055,0.002707842035422895,3780.8149919417237,8.97994446558484e-33,GII
10,0.996490965759395,5.9907176494965775,0.0030093746206199604,3549.7336924945334,2.064643509084461e-31,GII
11,0.995933068206024,5.368996732622994,0.015022012735054472,2938.6273052758615,2.0473998521159386e-29,GII
12,0.9962805168051424,5.010834639297665,0.020795716693020036,3080.3273850247065,1.14960835042639e-28,GII
13,0.9971604867354377,4.758890629378765,0.018049649137793656,3862.903368327963,9.675711705143006e-29,GII
14,0.9973493698420811,4.746131521089309,0.02090235871674019,3950.8221665915507,8.813855305184833e-28,GII
15,0.9974958726253205,3.937042650235762,0.04670557050695592,3983.407085084796,9.695364893573463e-27,GII
16,0.998249925720312,2.803184111510385,0.09834586772315639,5418.841019727145,6.4422352598300405e-27,GII
17,0.9982985107978902,2.4864125546901708,0.14653715901280961,5573.844277601296,4.9303457353525765e-27,GII
18,0.9982985775538523,2.996138338526684,0.0783269801681889,5574.06334225516,4.9285083957857995e-27,GII
19,0.9983289758826687,3.2846593676906473,0.06700393812293644,5376.918675053661,1.0158847985300746e-25,GII
20,0.998377114239973,3.4884012359505583,0.06182630591306542,5229.083697732734,1.938418612902646e-24,GII
1,0.972228867336282,6.591672071652478,0.10281335547040076,595.1464401849883,3.476090562660985e-27,GNR
2,0.9725725357412958,6.644843215945145,0.09777409772192305,585.0867833922589,1.6984914051890744e-26,GNR
3,0.9726603103775731,6.20141579186243,0.13195894208375875,569.2297601387219,9.743102645569538e-26,GNR
4,0.9727375665218012,6.801663773693072,0.11023554811215677,553.0479255692646,5.639642734304782e-25,GNR
5,0.9947918963209537,5.1464443166155505,0.008588525208128563,2865.1269952341963,5.625929930735701e-35,GNR
6,0.9949655504501023,5.580827466356904,0.0055806962186691796,2865.6559845394695,4.76764489627366e-34,GNR
7,0.9951717253409252,5.986797291932923,0.003658718017706023,2885.5864959105006,3.741860055156306e-33,GNR
8,0.9951575954388279,6.127355163440839,0.004406602803404034,2774.3711556334993,5.601759310849456e-32,GNR
9,0.995891515778498,6.643218248735883,0.0014780650256760778,3151.1839907680655,9.503008209608616e-32,GNR
10,0.9958625306935466,7.007963531141321,0.001589475371638893,3008.670448443724,1.6187687529660053e-30,GNR
11,0.9954057923764981,6.797828135568684,0.004381897140476596,2599.9846953832084,8.841529852453143e-29,GNR
12,0.9953234226330248,6.561816561590833,0.007676573732869029,2447.5633485954777,1.6001968831992892e-27,GNR
13,0.9974542764503344,6.118061540999985,0.0023698594117730295,4309.971930139404,2.9102053922771693e-29,GNR
14,0.9978293695487913,5.677321860884801,0.003724818822455133,4826.804292931638,1.0818121602296285e-28,GNR
15,0.997821083912065,4.262603203629759,0.022957706440507056,4579.437865630447,2.4121541316865216e-27,GNR
16,0.9983413753622081,3.452354110083135,0.041200467560798044,5718.137093735418,3.869074270041788e-27,GNR
17,0.9983294730356167,3.424845294559569,0.04513881185095294,5677.328289842628,4.141027892794824e-27,GNR
18,0.9983721036223376,3.3799158902178412,0.043865196956853474,5826.252281506968,3.239322514492355e-27,GNR
19,0.9984929334168734,3.5961379097340345,0.035341735478403226,5962.866207349671,4.0104394270217165e-26,GNR
20,0.9983239287601413,3.646590826103747,0.05350642170620127,5062.883481716903,2.5496820633014e-24,GNR
1,0.9671510123277511,6.0050887119800676,0.18916574842355544,500.5197534127295,6.037732016255294e-26,GRID
2,0.9687037587517195,7.7284615351911174,0.08930787234441788,510.7198622544352,1.4983766093168896e-25,GRID
3,0.967908174171407,7.090715290335946,0.12763432395805463,482.5693268266586,1.2656418415399207e-24,GRID
4,0.9678723230897568,6.646507578789736,0.1579304458291253,466.950070800424,7.18835500894854e-24,GRID
5,0.9951445890182,3.538573674734499,0.0687490430284599,3074.3368360013133,1.9651239282813177e-35,GRID
6,0.9951618934613932,4.032196122955941,0.04927204668987293,2982.540243800721,2.67789596177178e-34,GRID
7,0.9952598489072493,4.30573394546149,0.03323595684303856,2939.4923520498646,2.891282922226138e-33,GRID
8,0.9952150914379875,4.339126739673855,0.043169716565391626,2807.870528828207,4.7675381844740656e-32,GRID
9,0.9952429864997123,4.23790325467093,0.05047453026429272,2719.807043581823,6.387736476674673e-31,GRID
10,0.9953091720514587,4.348969128697692,0.052813603396510776,2652.2747768892477,7.773539341677658e-30,GRID
11,0.9958109137203565,5.465306191122106,0.017077817586117882,2852.5864990446253,2.920328210055948e-29,GRID
12,0.9956126283149641,5.150188842286262,0.029494149530013482,2609.6592783951683,7.679817912786401e-28,GRID
13,0.9972076637631195,4.791878343974901,0.01997138124705927,3928.353669058498,8.047200747021211e-29,GRID
14,0.998483312374505,3.5864677307287227,0.023584314927136172,6912.48125434608,2.5084734332174358e-30,GRID
15,0.9985516623841297,2.6605156624759267,0.08593139919499398,6894.467501516598,4.0616089011193647e-29,GRID
16,0.9987811749552518,2.281577710196615,0.1379828040496636,7784.891853805684,2.0722541192852234e-28,GRID
17,0.9986616204960455,1.3634309340345527,0.3888931033190184,7088.636195249779,5.040842558688545e-28,GRID
18,0.9986709368649401,1.5248260318343574,0.29620938454417606,7138.392187658858,4.717189391195555e-28,GRID
19,0.9987201337116436,1.7321024980807804,0.25390303135021236,7022.984576730543,9.214704213930092e-27,GRID
20,0.9986730921747529,1.3223591713418381,0.40519350857924474,6397.37073063385,3.500631689535988e-25,GRID
1,0.9731580658512657,8.02941868828437,0.04762277690318014,616.3373707647526,1.9491026491007103e-27,GUNR
2,0.9724994434189174,7.177302362974121,0.07706298415848231,583.4878566585156,1.774738941690398e-26,GUNR
3,0.973085372608101,6.252078806730361,0.12749360407458318,578.4722833062816,7.582526706383994e-26,GUNR
4,0.972057844015076,6.31197972795961,0.14421076343929157,539.2173957644123,8.260924394670537e-25,GUNR
5,0.994814151790856,4.72802840181857,0.014982626770864925,2877.4872836715467,5.275905535418381e-35,GUNR
6,0.9946422866985547,5.12668863737653,0.012614951879659032,2691.8784835385995,1.175445013510999e-33,GUNR
7,0.9947282367862944,5.172552428387574,0.013940106336205533,2641.657971056543,1.2805087009202305e-32,GUNR
8,0.9948049051672209,5.338032489543101,0.014484895013081471,2585.105113966358,1.4471447586701233e-31,GUNR
9,0.9953306997138297,5.560772018012287,0.009846304963111922,2771.1430628276394,5.015029132371091e-31,GUNR
10,0.9958796947895857,6.873912905199081,0.002009754624594354,3021.2558412919307,1.5367999696688953e-30,GUNR
11,0.9952797278619879,6.607612484800393,0.006169064849433352,2530.2263058446624,1.2235013503456474e-28,GUNR
12,0.9953624775896014,6.713393851217138,0.00652071073022593,2468.2723832479787,1.4530790628075261e-27,GUNR
13,0.9971619577513002,6.446580053291836,0.0025147874583031312,3864.911292384666,9.620716552122945e-29,GUNR
14,0.9978489277445967,5.68030932373637,0.003852060993619882,4870.786518211831,9.837335587435463e-29,GUNR
15,0.997951632327436,4.177183920674416,0.021913041838375117,4871.936057642801,1.3004064999390773e-27,GUNR
16,0.9984667633750883,3.4126258755171026,0.037089538087977006,6186.542962740613,1.8335267733231055e-27,GUNR
17,0.9984662409287821,3.4205252639744526,0.03780006930962583,6184.432396733357,1.8394706850987848e-27,GUNR
18,0.9985619056606729,3.326405266210486,0.03597851008658565,6596.4643934385695,9.976543019848077e-28,GUNR
19,0.9986623965498445,3.609896751799047,0.02654316039184121,6719.451544404425,1.3707126558960612e-26,GUNR
20,0.998476049401422,3.6613141151511392,0.04380100586679921,5569.108623226392,1.135671050251965e-24,GUNR
1,0.9974356906508483,-0.37427319516597013,0.8683906245811722,3695.2012300379015,2.427833779212141e-25,IFRA
2,0.9970951258757195,-1.3292728413675423,0.6063489238907938,3089.2409615525075,1.472807076764135e-23,IFRA
3,0.9976313497402033,-2.055605112369381,0.39336794921007023,3580.0416028999007,4.8223418298825156e-23,IFRA
4,0.9985687278458538,-2.196080088875668,0.25731701406612445,5581.43313249336,1.761074692871213e-23,IFRA
5,0.9985889477191863,-2.572629931577417,0.23528019398284694,5307.682223917782,4.1838228551585674e-22,IFRA
6,0.9987458166082936,-4.325492150911603,0.05373570751550192,5574.32091868653,4.8812080393871544e-21,IFRA
7,0.9990534188651701,-5.3388768334856636,0.01366545049061754,6860.317603720323,2.2132271611092332e-20,IFRA
8,0.998774319873877,-4.778484060786419,0.07031410684504988,4889.241321223808,3.390493105129749e-18,IFRA
9,0.9988683158146946,-2.255029237727926,0.3554909673661597,4854.513130355438,6.244373297467225e-17,IFRA
10,0.9996360843545707,-0.08107859840525578,0.9532492960903405,13734.44776159034,6.382688294229134e-18,IFRA
11,0.9997375754745432,0.7725520644755051,0.5705805492714302,17143.2875102078,7.682806452021491e-17,IFRA
12,0.9997509047693165,0.07744727531126472,0.9582401569197223,16054.115560959906,3.850008155557942e-15,IFRA
1,0.9704762061435522,10.147813078735162,0.016780518279646387,558.8067571755288,9.838452497081127e-27,IGE
2,0.9694265511336881,9.519987558572728,0.02890251702453456,523.1839614709268,1.0190210044812877e-25,IGE
3,0.9695111341686802,8.784767607960557,0.047412616938091554,508.78173798003087,5.575198138197752e-25,IGE
4,0.9679509065527894,9.846028885530748,0.03757891905398126,468.13302461365026,6.920605855367126e-24,IGE
5,0.9927474250259513,8.13659285313883,0.0008101453089479052,2053.2309460671822,8.079479916746156e-33,IGE
6,0.9931125780737028,8.299032131146136,0.000727834328668514,2090.787022512267,4.4856149283954025e-32,IGE
7,0.9936717727288671,8.748219442730683,0.00040361975797719514,2198.309925065878,1.6517676323016513e-31,IGE
8,0.993590840882767,8.58505031235717,0.000800843582031794,2092.8605619808986,2.464984686336078e-30,IGE
9,0.9940665528245443,8.107397742091036,0.0013782011547109503,2177.969198103869,1.1297752162064125e-29,IGE
10,0.9940384387783675,8.306577826216751,0.0016214501717590562,2084.266188467848,1.55596600131871e-28,IGE
11,0.9931206953970904,8.301573620206021,0.004272103897768463,1732.362358213442,1.1234001450121685e-26,IGE
12,0.9931412365426182,8.08770499141497,0.006982204907880308,1665.1870692446796,1.3086604913549796e-25,IGE
13,0.9964284948242257,7.118509803490406,0.0023519806752667423,3068.933937829184,1.2060466930356256e-27,IGE
14,0.9970965269605632,5.9833115740704805,0.00585200125152415,3605.8587046900134,2.2942295844999945e-27,IGE
15,0.9974169172120648,5.278318565703126,0.012053272146477426,3861.343205377272,1.322462163891867e-26,IGE
16,0.9980554599043078,4.317966417342388,0.024680645402554893,4875.973959135957,1.7529138577425423e-26,IGE
17,0.998051353557112,4.23181597067091,0.023685274563321538,4865.67888874725,1.788397137326477e-26,IGE
18,0.9981263258262743,3.9727195586083557,0.031170949583619767,5060.751879017641,1.2319516708233967e-26,IGE
19,0.9981219688401682,4.132166340567485,0.03276207837972743,4783.252755170668,2.906197623340773e-25,IGE
20,0.998068101764332,4.518451579226689,0.02921128740499518,4391.317673140142,8.528371100486549e-24,IGE
1,0.9700164220332812,5.924571969393041,0.15829842714489953,549.9770305221647,1.2794365639507718e-26,IGF
2,0.9735749708668235,8.098142899002758,0.04468518031300809,607.9080154781874,9.188726687304403e-27,IGF
3,0.9705927837306817,5.958586683617573,0.16856246536559116,528.0841408948129,3.1279704951970203e-25,IGF
4,0.9712094543906967,6.444813841925988,0.13777321093200054,522.8711795649807,1.31332852361751e-24,IGF
5,0.9935722717633023,5.046733973249458,0.020927353786901103,2318.6394209015857,1.3208776711718893e-33,IGF
6,0.9937971636850061,6.136519305393918,0.009521364607618345,2323.140276747226,9.830138846370477e-33,IGF
7,0.9938805974659345,5.7139525436975,0.011541714627335692,2273.8050466634413,1.0325861798613277e-31,IGF
8,0.9936847627623524,5.781713727112068,0.015462250457111264,2124.1869137269023,2.019577591114232e-30,IGF
9,0.9940297021183961,6.145081105159951,0.01204592188450051,2164.44579211979,1.2244695913094193e-29,IGF
10,0.9944335984514827,6.2300933498371815,0.011297506988819466,2233.115931773666,6.60209322875078e-29,IGF
11,0.9938011820443174,5.753295373499508,0.029985082645030463,1923.8529458022451,3.2188933547541236e-27,IGF
12,0.9948188408972413,5.864034889454497,0.020926581858817607,2208.080555609037,5.198878656914024e-27,IGF
13,0.9971514059759392,5.118688516442923,0.011246781862783444,3850.554123573867,1.0021578842315154e-28,IGF
14,0.9980169366702226,4.983300984197674,0.005970819172681161,5284.338466494502,4.188264777699139e-29,IGF
15,0.998388576130486,3.7573287919642677,0.019131805757750663,6195.691866172926,1.180586803023638e-28,IGF
16,0.9983298725416253,3.4792108005411677,0.03818299840371857,5678.688618397384,4.131629356666279e-27,IGF
17,0.9983401606920008,3.2209993311740437,0.05966255703624473,5713.945609594275,3.8960760889179845e-27,IGF
18,0.9983396599827816,3.6496716772127407,0.03203368613087007,5712.219588446674,3.907255718969024e-27,IGF
19,0.998333290471501,3.7928085761703088,0.03553609606198992,5390.861131234632,9.925199943570135e-26,IGF
20,0.9983092974784504,3.744461441397215,0.04894225299756164,5018.995902833133,2.74518238304498e-24,IGF
1,0.9970434489595439,2.4738861249147845,0.2867872876324996,3203.703448885605,9.385580047674496e-25,IZRL
2,0.9960724552152305,0.5672760266573253,0.8332617722137309,2409.3139208086295,1.3936409082803723e-23,IZRL
3,0.9960782948627755,0.6814992292127906,0.7965801633886018,2412.915675729112,1.3740796327916002e-23,IZRL
4,0.9960583788763806,0.5598653245033542,0.8336388178920356,2274.3244793796302,2.296539345539185e-22,IZRL
5,0.9960497773041331,0.3796123533619369,0.8944951161317481,2143.277419762585,3.7263481571383434e-21,IZRL
6,0.9973214072250972,0.29710243641689926,0.9054525090814312,2978.6428652225504,2.6500468047949232e-21,IZRL
7,0.9982444378619414,-2.8805345674349336,0.1885100123209849,4264.635880245141,2.153384309813796e-21,IZRL
8,0.9971315722097013,-1.0348805649747452,0.7318004717436918,2433.3612402845565,1.5977449372973106e-18,IZRL
9,0.9971552367397339,-1.6789165681961413,0.5829879869774894,2278.4001499661185,2.826831018059167e-17,IZRL
10,0.9973831767227868,-2.41992721060025,0.43776692081186463,2286.856400448127,3.211044806290236e-16,IZRL
11,0.9975643588065479,-2.361675320994297,0.47105131672495204,2252.6322794121684,4.230319878935711e-15,IZRL
12,0.9997816502166564,1.0192404860489894,0.3416845348042349,22894.038063770546,4.963223433811207e-19,IZRL
13,0.9998540821549019,2.2222545081668557,0.04954411276914027,30834.77121439556,5.476307589976096e-18,IZRL
1,0.9977302659929715,5.46586284418028,0.02413994252569653,4176.012474405418,7.61661781626033e-26,JUST
2,0.9975066079817807,4.263113217168247,0.10150126974162221,3600.5407117039094,3.7249039969185455e-24,JUST
3,0.9975294760575806,4.455456171788736,0.08883091345155947,3432.065725372292,6.897743971329099e-23,JUST
4,0.9992668528598218,2.7742262855028272,0.05818392437923434,10903.861428054972,8.346975883293658e-26,JUST
5,0.9992787788406698,2.006119779456583,0.21665577174143488,10391.529344848159,2.7259221425793324e-24,JUST
6,0.9993193173639355,3.190844279231946,0.079422712711373,10276.793987271887,6.770374692686732e-23,JUST
7,0.9993423448690685,3.3647398465872964,0.0628972968291857,9877.099616706997,2.0748580160132134e-21,JUST
8,0.9992828324820454,2.3501997102642282,0.23369523510990334,8360.246169530976,1.3605786985105552e-19,JUST
9,0.9995473067199806,1.6034607302221673,0.3077679768856086,12144.006614643251,4.0450347999335275e-19,JUST
10,0.9997312812261925,0.8003924899029151,0.526743481424564,18601.81309740675,1.401167468391268e-18,JUST
11,0.9997293466094794,0.8698635305863149,0.5379849498939739,16621.93128669129,8.827965428459623e-17,JUST
12,0.9997518652618479,0.26527753252443453,0.8534785422912813,16116.274129242956,3.7909693576501114e-15,JUST
1,0.9851887469147975,-4.366309575481273,0.4652905826257273,565.3879722804891,2.8185797346404175e-16,KOMP
2,0.9869506940057907,-10.772473356531949,0.08901775269764338,605.0594227424865,8.408128114904903e-16,KOMP
3,0.9985730587315623,0.37437153110631627,0.8541350749013263,5248.497682519492,4.550359794771493e-22,KOMP
4,0.9990348878852322,1.6679593419131962,0.33138009530599055,7246.043343761396,7.799097875332439e-22,KOMP
5,0.9992410419191393,2.720251705315036,0.12005172770142655,8557.872873701828,5.265209195069818e-21,KOMP
6,0.9992580873925283,2.01348991133676,0.29211103599152677,8081.205877854831,1.667694541150748e-19,KOMP
7,0.999508700210907,1.140529600311611,0.47427384080108215,11189.294140158998,6.344628202254436e-19,KOMP
8,0.999753205285485,0.10313609669012536,0.9351102370164593,20254.753171069784,9.155441076752659e-19,KOMP
9,0.9997319122361821,0.5650790603435194,0.6796173445818448,16781.047896382912,8.457586822115404e-17,KOMP
10,0.9997378019337653,0.8214967180880457,0.5587229434530365,15251.642642377716,4.726263571098181e-15,KOMP
11,0.9997376397280584,1.0093307562888612,0.5289803171406602,13336.934411422963,2.92511707743989e-13,KOMP
1,0.955041601334504,0.4524311680133639,0.9280090844726903,361.127346716352,1.2525185866847323e-23,LIT
2,0.9561884487924793,0.6426884699686646,0.8975534178665574,360.113006050505,3.8566692834777325e-23,LIT
3,0.9562109796168832,-1.3334165406870975,0.7936473677813045,349.38839782241166,1.8274422992180667e-22,LIT
4,0.9547106287937869,-0.9722482006028779,0.8559136978524646,326.7436564514194,1.472117619648293e-21,LIT
5,0.9779691521182844,-2.925033210828411,0.4463724685513234,665.8634910710452,1.3978744810818636e-25,LIT
6,0.9782819610507391,-3.828193350707199,0.33667824651447964,653.1477574184229,7.654182466186526e-25,LIT
7,0.9778702593929521,-3.3519083874914593,0.40821727761995485,618.6328106865054,6.755671561749537e-24,LIT
8,0.9782402263587548,-3.4805620324513504,0.4027137796435646,606.910865598852,3.6168794899631054e-23,LIT
9,0.9779900341202031,-2.933981706132048,0.5025943618724847,577.6415335215389,2.844800403873831e-22,LIT
10,0.987096211106974,0.34669498235282603,0.9222392321327447,956.2077263605736,2.42083738114623e-24,LIT
11,0.9871427046003093,-0.07849232635422076,0.9826342256415885,921.3222600056831,2.0407765936509476e-23,LIT
12,0.9873205438989852,-0.6651066194921738,0.8589041094340794,895.4789672665478,1.5334060794469765e-22,LIT
13,0.9887863924435285,-1.663174770444531,0.6605481811275575,969.9510404750839,3.5253227439148716e-22,LIT
14,0.9888185703487531,-1.7703323589954776,0.6584911531832165,928.5570193167661,3.230145053945838e-21,LIT
15,0.9986650814947565,2.9650558533203775,0.04967026509981609,7481.093996166086,1.7969977564087446e-29,LIT
16,0.9987696323024731,3.320873367406133,0.028349960397045924,7711.769031278291,2.2663748634196425e-28,LIT
17,0.9986919315995321,3.0229953906495215,0.046730912278941585,7253.117151061216,4.054985601405074e-28,LIT
18,0.9986827382949695,2.94027360323345,0.05046721459684943,7202.430600973327,4.333957321798283e-28,LIT
19,0.9986897972164017,2.9716415302001575,0.06068044603111517,6860.165683866526,1.1377495175377617e-26,LIT
20,0.9986793985836032,2.7661296143471095,0.09693664744378269,6427.961368632944,3.3617077026778265e-25,LIT
1,0.9664907239905492,9.706328951395374,0.040529256977619,490.32221117535926,8.468485730742314e-26,MOO
2,0.9676507653862023,10.508511283748994,0.022047848512992133,493.5584356008956,2.586760136707446e-25,MOO
3,0.9678368105658927,8.768027931243644,0.06420410443627148,481.4631024320259,1.3114318840980284e-24,MOO
4,0.9676288604890235,9.17658890201902,0.05868465384113664,463.32157483965653,8.080696689138654e-24,MOO
5,0.993272790273588,7.710328813303275,0.0012135247790573027,2214.7506113281697,2.6153180480343065e-33,MOO
6,0.9939556307772549,8.9169838439771,0.00026417010982643575,2384.426912908673,6.754439098467143e-33,MOO
7,0.9935259656276547,8.094689361730017,0.001161325569909349,2148.4846571409967,2.272218084137019e-31,MOO
8,0.9934615234422336,8.18141734718215,0.0019174448296292472,2051.2011395895697,3.228001357228541e-30,MOO
9,0.9938761378324407,8.812558556056741,0.0010084648628250414,2109.843337145368,1.7034535460110055e-29,MOO
10,0.9939801298505286,9.629843780439298,0.0008886341246752819,2063.9567490044165,1.757272220379014e-28,MOO
11,0.9936713631032774,9.160876051164987,0.002521446219164217,1884.1429128940117,4.127833266993149e-27,MOO
12,0.9935813789063184,8.070343099222665,0.006602363952962283,1780.1620769717033,6.103514753210798e-26,MOO
13,0.9965924924897596,7.623620089553519,0.002178034592943254,3217.1660324862482,7.191260791473193e-28,MOO
14,0.9976045336682291,6.742918056473437,0.001966392615674817,4372.780140797307,3.0450592538314935e-28,MOO
15,0.997830711874298,4.90319445008139,0.01285208886109088,4599.807190441272,2.307663017289565e-27,MOO
16,0.9984192248569599,3.844571626260688,0.028868668661242217,6000.2098830451,2.4505633445459486e-27,MOO
17,0.9984157606261898,3.463388813672732,0.0485189432002373,5987.068547057105,2.5020594622548952e-27,MOO
18,0.99847332268098,3.8006451395844394,0.02207946372003161,6213.1640047932815,1.7603495312029304e-27,MOO
19,0.9985778124978082,4.213399962948909,0.01553912392741533,6319.279489258382,2.3801905177055658e-26,MOO
20,0.9984143865112527,3.9062790828637812,0.0370004837098654,5352.201116837224,1.5910261556969237e-24,MOO
1,0.9881208647864312,-16.40837003299223,0.08474132657100379,499.08727210601734,2.81001704431966e-12,MSOS
2,0.9983318532912402,-3.3107759168545434,0.22939593459513163,3291.5721166899903,5.275800153820857e-16,MSOS
3,0.9996805900276704,-0.1736765660285169,0.8888216100199441,15648.863163795302,3.324622623240295e-18,MSOS
4,0.9997781751037614,-0.44582341846197515,0.6970582572214374,20281.771181930326,3.606170793556822e-17,MSOS
5,0.9996635278537714,-0.15123260679431638,0.9225956154506871,11884.056841656713,1.2817297756883157e-14,MSOS
6,0.9997521992660773,0.6778671718288294,0.6579498005167224,14120.75195274878,2.3952952821637314e-13,MSOS
1,0.9705401051113134,2.8699520444167823,0.4891375719418223,560.0556909396315,9.482662210690694e-27,NFRA
2,0.9717761105516323,5.139208436138766,0.21217811878981277,568.1111334224422,2.7238188977928346e-26,NFRA
3,0.9727861039315414,3.714673354096724,0.3754881870391744,571.9349270589852,9.050061900865828e-26,NFRA
4,0.9722073911479219,5.322414659617856,0.21502099488094006,542.2022323631571,7.601589040710084e-25,NFRA
5,0.9922714540887524,3.5224659188527827,0.13251696163749846,1925.8566853656262,2.09636484304103e-32,NFRA
6,0.9923956185888682,4.27347426976312,0.09996841460925948,1892.2954664627794,1.885499525220353e-31,NFRA
7,0.9935943080148423,5.2789129558516565,0.02527819096876428,2171.55622600003,1.9585051939242829e-31,NFRA
8,0.9944319594952569,6.135456683610823,0.008917809163655156,2411.05132797616,3.6896248406237205e-31,NFRA
9,0.9956709317989164,7.397327765360762,0.0008751516315806612,2989.955693039485,1.875545316249336e-31,NFRA
10,0.995127361609464,7.092351014647486,0.003174495459903142,2552.8453012804357,1.2504095518082522e-29,NFRA
11,0.9948209294303996,6.42714080484121,0.012247694942973302,2305.018051547004,3.72410523459889e-28,NFRA
12,0.9949811391314336,5.985072040803425,0.018464974284975975,2279.856604847423,3.605448523189807e-27,NFRA
13,0.9966431265397874,5.561465433380253,0.014370808419229067,3265.8586991370726,6.099365734477178e-28,NFRA
14,0.9970781436189753,5.242058555570621,0.01756551084088468,3583.1057871255134,2.451422024099912e-27,NFRA
15,0.9977744776848033,4.040060892643671,0.03374571700807152,4483.327221082629,2.9807086842142857e-27,NFRA
16,0.9986095811832528,2.9851779673880223,0.05411163974916298,6822.9737018623555,7.242417335790256e-28,NFRA
17,0.9986404749382537,2.224711348993017,0.15327603748431848,6978.234369381373,5.850305828783659e-28,NFRA
18,0.9985489205248849,2.8564099752183214,0.07161652584862656,6537.350233165822,1.0865917237999313e-27,NFRA
19,0.9985399420409866,2.81625410660328,0.09776042425824058,6155.138857940703,3.015302337670623e-26,NFRA
20,0.998538733507636,2.878193924428901,0.10517693300545367,5808.371901475583,7.946943388875462e-25,NFRA
1,0.983906224373361,-5.409954689233008,0.2687392621705208,672.4940572796575,1.8760195717852678e-20,PAVE
2,0.9978130951379608,0.09056626197723006,0.9612452982248282,4790.806258110068,1.1700753936648645e-28,PAVE
3,0.9977684604423649,-1.254503728175187,0.5230222760471631,4471.21117359778,3.0622870525054288e-27,PAVE
4,0.9982996802318792,0.2133157877362546,0.9014044612178186,5577.684350917413,4.898247641932761e-27,PAVE
5,0.9982730783614212,0.16696232740576633,0.9265868511365227,5491.618167595773,5.6766222804596306e-27,PAVE
6,0.9984031354177003,-1.3029433974472817,0.45363095948764554,5939.65818492204,2.698030415460653e-27,PAVE
7,0.9983040007122685,-0.8576321490455685,0.6419294560311524,5297.606002198332,1.1609967119318874e-25,PAVE
8,0.9982598505992549,-0.3327343514714922,0.8728152117220257,4876.138064042536,3.507402106459362e-24,PAVE
9,0.9992542186852489,-1.6555379974266722,0.23180537566281165,10719.005144490877,9.569560329594389e-26,PAVE
10,0.9993350598107656,-1.4874078725261697,0.2635087112248349,11271.70995215501,1.482072230476976e-24,PAVE
11,0.9993667058563138,-1.489668536167903,0.2902401498691697,11046.315540319547,4.0854349860851637e-23,PAVE
12,0.9993666955118152,-1.8913264075956646,0.21020847134444845,10257.125351260649,1.6236098524080144e-21,PAVE
13,0.9993930633990861,-1.213385439685755,0.4665435863402061,9879.711276870772,4.998733328919837e-20,PAVE
14,0.9995245555440629,-1.4953334768754365,0.348791289474204,11562.623113688305,5.29723001880629e-19,PAVE
1,0.9689727734889049,8.037236653868453,0.055034336055518884,530.9058849788237,2.2889181125459597e-26,PBW
2,0.9685170925634785,7.521042576884716,0.08172108913452096,507.5939082030044,1.6528549250400922e-25,PBW
3,0.9684307337340952,7.593093275587616,0.08782386519744,490.82204221135777,9.732665779578747e-25,PBW
4,0.9683311662682241,7.549872500267918,0.09933311897685193,473.9401900391941,5.7517113587561154e-24,PBW
5,0.9936606008854314,5.592240207975879,0.009658096346812299,2351.1548561485115,1.0733007252290653e-33,PBW
6,0.9938409745332935,6.010971881633954,0.0070120271178951395,2339.7685573199287,8.87000771737068e-33,PBW
7,0.9936686447633234,5.887864895130125,0.010679001095215503,2197.2169475028236,1.66323470929796e-31,PBW
8,0.9937510840574969,6.130191915304849,0.010486533873488125,2146.874715264978,1.7513107662904775e-30,PBW
9,0.9943820885235468,6.98892989258731,0.003798458124080214,2301.027206460599,5.552308524517692e-30,PBW
10,0.9941261082643115,6.5218013122157945,0.009282976620935872,2115.5610134593758,1.2929276399716193e-28,PBW
11,0.9948204599398363,5.614493954455438,0.02156781854264197,2304.8080294026295,3.728158404163542e-28,PBW
12,0.9944531965952502,6.0505966310768375,0.020232889765255845,2061.766196914879,1.1389165261616501e-26,PBW
13,0.9970322007212755,5.04782155812987,0.014158863213179058,3695.4501224380497,1.5731849187033091e-28,PBW
14,0.9977746847059834,4.668373072476095,0.014483339084108217,4707.932497288082,1.4047896656959816e-28,PBW
15,0.9983255789430809,3.299558465253318,0.044982896444556685,5962.213475623483,1.732394391116146e-28,PBW
16,0.9989444645647875,2.183469735617299,0.09989108806142505,8990.671555668505,5.284352333497515e-29,PBW
17,0.9990179841989518,2.309840166077496,0.07275950217717193,9664.478758651689,2.6614941770098203e-29,PBW
18,0.998945384297718,2.1008633278661133,0.10952593165396278,8998.520627270756,5.240771399355265e-29,PBW
19,0.9989372155184396,2.1174821511273407,0.12632712677232785,8459.320864815996,1.7298436002871836e-27,PBW
20,0.9989394892384492,2.0519467618671623,0.16133816352550254,8006.505889775609,5.210485348456105e-26,PBW
1,0.968632161648738,7.153185843947096,0.10974720323109988,524.956376133774,2.755738800047387e-26,PHO
2,0.9702984464912342,10.615930062108081,0.021089124917359547,539.0264978018871,6.322025253555e-26,PHO
3,0.9684080994087254,8.751296557949502,0.06771788823464724,490.4589246149714,9.844917168835184e-25,PHO
4,0.9684742454423447,8.990978233309662,0.060157571944705175,476.16150715451084,5.3618553775731576e-24,PHO
5,0.9936608887762525,6.673361405600932,0.004021281765840369,2351.2623151029634,1.0725698313037044e-33,PHO
6,0.9942971772004855,8.662080820209802,0.0005379972619187443,2528.1004822093323,2.9060509190965876e-33,PHO
7,0.994363580874474,8.183579266708932,0.0006679540536065086,2469.8465146421117,3.266223644415104e-32,PHO
8,0.9943133427500672,8.65557259003797,0.0007991591459211198,2360.4781398218643,4.904223056936645e-31,PHO
9,0.9946684057300272,9.043999801057677,0.00047175927493255094,2425.295065552015,2.8128216945791304e-30,PHO
10,0.9945822742091979,9.510240052098014,0.0007060939905162473,2294.741171419496,4.706659188717018e-29,PHO
11,0.9944479017702264,9.50573681563794,0.0012609317143717834,2149.3450453107716,8.579968522736502e-28,PHO
12,0.9937405681958741,7.659486502517281,0.009500747683883131,1825.7274608726975,4.5724765859781745e-26,PHO
13,0.9968102911411312,7.38668139790509,0.0018680542714871367,3437.590603940221,3.477454772721409e-28,PHO
14,0.9975751986703306,6.438905607783223,0.0025253639505014684,4319.7516670228615,3.4601880016160276e-28,PHO
15,0.9977215443114708,5.083575364763597,0.013125492073749353,4378.937669643743,3.770560106710099e-27,PHO
16,0.9986031932514555,3.7750087891927357,0.020223665832750592,6791.7271632415295,7.564758776710273e-28,PHO
17,0.9985723085586611,2.953154557448885,0.07064454237577442,6644.59886543189,9.311644397632226e-28,PHO
18,0.9985829231993313,3.6379102136433765,0.02373257210420978,6694.441519271666,8.674354912345744e-28,PHO
19,0.9987289251947951,4.123369583842599,0.012833607207878852,7071.621819538771,8.660440720729875e-27,PHO
20,0.9985829430812327,3.807903399579523,0.03215405690152263,5989.847622757881,6.120571930994786e-25,PHO
1,0.9685522559090731,2.2663462781840864,0.5918239348711191,523.5793163047495,2.877540495280785e-26,ROBO
2,0.9699630313149962,3.65685316471904,0.39640961517887907,532.8230749425705,7.608966626786767e-26,ROBO
3,0.9682044889715293,1.5420221144887187,0.7296522399218951,487.2156893365578,1.0910708479264676e-24,ROBO
4,0.9682306485783009,1.868661373788691,0.6780570460089671,472.3916095659791,6.041286121573948e-24,ROBO
5,0.9889169919197757,-0.3020143013380814,0.9132596901306849,1338.4231763996318,4.675894975175865e-30,ROBO
6,0.9902862370737355,-2.392326262396796,0.37983696987333404,1478.2273920587788,6.56324699553787e-30,ROBO
7,0.9889283676618373,-1.0016652942776605,0.7305831995584227,1250.4928563734557,4.1587534764641155e-28,ROBO
8,0.9892810191618183,-1.8982413592961622,0.534546435107127,1245.948095280868,2.5531255777639843e-27,ROBO
9,0.9890340671455682,-1.5884074265171217,0.6153855760537617,1172.4896589801922,3.315832395143687e-26,ROBO
10,0.9896758128869165,-2.5643878531343196,0.4219626460316238,1198.249075262223,1.4900414074778233e-25,ROBO
11,0.9891131268122083,-1.8727069588214427,0.5906693334982202,1090.244858832059,2.772285608998798e-24,ROBO
12,0.9891708970786698,-1.9053603710114901,0.5865666070439411,1050.4531537878654,2.49927206668972e-23,ROBO
13,0.996387810925861,2.241533867466199,0.31733986708510864,3034.2448014842707,1.3660771321349684e-27,ROBO
14,0.9970362757167119,3.429071924517988,0.12102100805724157,3532.3396828975106,2.8464062534869593e-27,ROBO
15,0.9984318500530055,4.72798009914467,0.006346764067735831,6366.941196959879,8.992405386687047e-29,ROBO
16,0.9984271933688449,4.5636565754295955,0.011465167892024166,6030.657646730511,2.3356924105209326e-27,ROBO
17,0.9983868685168611,4.247195304988331,0.02423746110133926,5879.666567820336,2.9707273149777146e-27,ROBO
18,0.9983992386438802,4.294908382168517,0.013529807126410257,5925.175998818311,2.7612302277169905e-27,ROBO
19,0.9984277747593046,4.58891853694012,0.013883951025705206,5715.370635354432,5.869929400873266e-26,ROBO
20,0.9984017115282253,4.2155519129528685,0.0272017199728689,5309.688893999727,1.7024286492856023e-24,ROBO
1,0.9977502683531518,1.096408545476418,0.5690629514191388,4213.225858574867,7.002317791741856e-26,ROBT
2,0.9977650509588449,0.7171449724447942,0.7154357741316362,4241.156200684688,6.577221081397732e-26,ROBT
3,0.9985739527680823,2.376413548640935,0.16023971046545826,6302.151411090741,2.4389628748545033e-26,ROBT
4,0.9985893966104121,2.4893008323288974,0.14522526847153758,6017.290142531255,5.88764812171892e-25,ROBT
5,0.9993124313390567,1.3071205437995062,0.3026593010546316,11627.201623389634,4.9949205909555886e-26,ROBT
6,0.999321022216016,1.6759679683648345,0.22760333495927354,11038.516787166258,1.7334716110514597e-24,ROBT
7,0.9993726360146717,1.7443710559463987,0.20136699588161833,11150.79701051437,3.8250497378224353e-23,ROBT
8,0.9993671857561114,2.169972155434049,0.15464015725095276,10265.076632122213,1.6154577319838826e-21,ROBT
9,0.9993798659130976,2.053171903005005,0.20058676477631615,9669.326879659578,5.687398029389524e-20,ROBT
10,0.9996317820591564,1.3721760748513994,0.2845242253670733,14931.306140946175,1.2989044285796826e-19,ROBT
11,0.9997463819479779,0.6615032087049553,0.5605500513216239,19709.684976624238,1.0493027536811165e-18,ROBT
12,0.9997839292570295,0.11776094431569284,0.9193764876208208,20822.012364126353,3.203921330021465e-17,ROBT
1,0.9925291194532816,-6.469493347010303,0.18740110559434353,1062.8242421991347,9.70452626118175e-18,SIXG
2,0.9993981818727264,1.0536277558559597,0.47620370600448514,12454.736779036533,7.014383182823267e-25,SIXG
3,0.9994648786207136,0.6083639455030232,0.6548540678800481,13074.144336515248,1.2565104835885384e-23,SIXG
4,0.99960607248316,2.399447543417537,0.06595544471089677,16493.99748273991,7.416620716169743e-23,SIXG
5,0.9996276306653671,3.3577991311482016,0.04526748690532981,16107.034672726508,2.6658975315169176e-21,SIXG
6,0.9996219560998153,1.6039430432977237,0.3557443263354477,14543.074907073726,1.5013511903497412e-19,SIXG
7,0.9997692596714743,-0.1222939274588839,0.9263899467654957,21664.380606104078,6.540599144055267e-19,SIXG
8,0.9997244915049135,0.79242090785017,0.6323313794767143,16328.934649944504,9.563293296352466e-17,SIXG
9,0.9997200363593909,0.9431033919917837,0.5629641181876459,14283.569597601103,6.1433679764194825e-15,SIXG
10,0.9997162034483742,1.0683399318892448,0.5416086208046793,12329.27846382872,3.85056890460186e-13,SIXG
1,0.9711315678177442,5.920023965525717,0.20150488883662362,571.8785332252719,6.717294245882768e-27,SUSA
2,0.9712821996554518,7.360656714607254,0.12477055595277371,558.0565399173198,3.626555557545437e-26,SUSA
3,0.9711714916204857,6.01588399314846,0.21047679151700677,539.0061692185802,2.275908265671794e-25,SUSA
4,0.9718385045853946,8.528015897509732,0.07830885970077757,534.8969079696393,9.325315782666414e-25,SUSA
5,0.9942109212104675,4.826201919988834,0.04247415773321107,2576.0858264914646,2.748792172915521e-34,SUSA
6,0.9948853676878923,7.643471020689715,0.00260640125700362,2820.503401060642,5.995274340299333e-34,SUSA
7,0.9948969165150189,7.262445183002741,0.0030169988382575588,2729.439342351213,8.121896045485127e-33,SUSA
8,0.9946142958782677,6.732177953607442,0.010020313228787317,2493.136030287092,2.353822028370207e-31,SUSA
9,0.9949234928889743,7.392957089805084,0.003825460587738663,2547.815875105381,1.4871164760442413e-30,SUSA
10,0.9946697917079576,7.032978408830676,0.010805072793451224,2332.624114316794,3.839743882111258e-29,SUSA
11,0.99470499814645,7.442516378576368,0.011736800265505406,2254.288158512077,4.857282889650163e-28,SUSA
12,0.9945372518400342,6.267113123322252,0.029266671387191547,2093.667520677336,9.554953179359237e-27,SUSA
13,0.9970840939449289,5.990791000917344,0.01106268937448853,3761.4123453393795,1.295712967024865e-28,SUSA
14,0.9975440337026554,4.829389758713782,0.02610798967595836,4264.802967859356,3.9567191897269806e-28,SUSA
15,0.9978565893273047,4.135084080486546,0.041680357171164306,4655.461512993846,2.0466985819549397e-27,SUSA
16,0.9989017323550032,4.602733338538794,0.007799773130851946,8640.486224467253,7.704204459221278e-29,SUSA
17,0.9986664904767957,1.422304492482243,0.42224687547150863,7114.558609774518,4.86926212718603e-28,SUSA
18,0.9985839957543071,2.73405096752359,0.09341101870404539,6699.5194318955,8.612183554326648e-28,SUSA
19,0.9985822238722842,2.800912977764881,0.10924320968001516,6338.969770446425,2.314562622428167e-26,SUSA
20,0.9986409689601927,3.2659124807673976,0.0691744095342148,6245.956116914796,4.289924963534562e-25,SUSA
1,0.9945774065275322,4.494635188750442,0.038872666264002195,2751.2040453815634,1.0306369395136616e-34,XT
2,0.9948690419612309,4.610374665218407,0.03615660681984303,2811.482962721452,6.278815378785787e-34,XT
3,0.9947883224285403,5.619892767195094,0.014644405877228813,2672.275159589126,1.0906503773284856e-32,XT
4,0.9948310389184577,6.185565330757287,0.007915830417277009,2598.2434020168766,1.3518983580014292e-31,XT
5,0.9952322124660453,6.625926614149739,0.0048875978978608825,2713.6315680843545,6.578390030929965e-31,XT
6,0.9956092011482,8.211576532890115,0.0014949621199709107,2834.3623642086004,3.402469764234162e-30,XT
7,0.9954640067732744,7.640623596950565,0.0027931299883435443,2633.5065958425976,7.586977019486069e-29,XT
8,0.9952533591280484,6.855050771088111,0.013253914017573528,2411.2659749770633,1.8986429749592033e-27,XT
9,0.9975441148368507,6.237237086534222,0.0028661785077820417,4468.036790911719,1.9601468515653557e-29,XT
10,0.9980156052484631,4.281405194011185,0.023801308091902798,5280.785915701955,4.2178849747935e-29,XT
11,0.998105990684284,4.761082220510204,0.016051564024821854,5269.80507647052,5.940474111478374e-28,XT
12,0.9984029389819133,3.242136596891344,0.06891893441498975,5938.926448590718,2.7011850571035297e-27,XT
13,0.9984174537932368,3.917840902027198,0.039784331537309606,5993.484279005972,2.4767706537150483e-27,XT
14,0.9984510649217213,4.145751469578894,0.027380169089097288,6123.746081919422,2.019833377429933e-27,XT
15,0.9984362848374069,4.099785360167763,0.033993551103978434,5746.523905693242,5.590090333651185e-26,XT
16,0.9986282706353017,5.300851158562686,0.010376826477561635,6188.057585445541,4.642818470263026e-25,XT
17,0.9991611468984009,3.2375748479963242,0.058849454620520464,9528.830685549992,2.4518128515615153e-25,XT
18,0.9991722582624284,2.544017865451801,0.09626355310069741,9053.297178118428,7.659693780491805e-24,XT
